<?xml version="1.0" encoding="UTF-8"?>
<Include>
	<BehaviourDefinition id="ShowPlayerBubble">
		<ShowBubble gameObject="{Room.player}" message="{Event.message}"/>
	</BehaviourDefinition>

	
	<NotificationHandler id="world" namespace="world" channel="roomChannel">
		
		<Triggers>
			
			<createGameObjects><CreateGameObjects gameObjects="{Event.gameObjects}"/></createGameObjects>
			<createGameObject><CreateGameObject gameObject="{Event.gameObject}"/></createGameObject>
			<destroyGameObject><DestroyGameObject gameObject="{Event.gameObject}"/></destroyGameObject>
		
			<moveToPoint>
				<MovePlayerTo gameObject="{Event.gameObject}" targetX="{Event.end_x}" targetY="{Event.end_y}" useServer="false"/>
			</moveToPoint>
		
			<receiveMessage>
				<If expression="({Event.gameObject} != {Room.player})">
					<Then>
						<ShowChatBubble gameObject="{Event.gameObject}" message="{Event.message}" useServer="false"/>
					</Then>
				</If>
			</receiveMessage>
		
			<setMemberAttribute>
			     <Switch value="{Event.attributename}">
			         <layers>
			            <UpdateCharacterClothes avatarEditorModel="{model.avatarEditorModel}" name="{Event.attributename}" value="{Event.attributevalue}" target="{Event.gameObject}"/>
			         </layers>
			         <default>
			             <SetValue name="{Event.attributename}" value="{Event.attributevalue}" target="{Event.gameObject}"/>
			         </default>
			     </Switch>
			</setMemberAttribute>
		</Triggers>
	</NotificationHandler>

	<Trigger event="onSendChatMessage" gameObject="{Room}">
		<ShowBubble gameObject="{Room.player}" message="{Event.message}"/>
	</Trigger>

	<Trigger event="OnClick" gameObject="{Room.click}">	
		<MoveTo gameObject="{Room.player}" x="{Room.player.x}" y="{Room.player.y}" targetX="{Event.x}" targetY="{Event.y}"/>
	</Trigger>	

	<Trigger event="OnFixup" gameObject="{Room}">
		
		
		<CreateGameObject definitionID="playerDefinition" id="player" if="({Properties.[setting.useServer]}=={false})"/>
	</Trigger>	
	
</Include>