<SessionRoom id="session" xmlns:xi="http://www.w3.org/2001/XInclude">
  <Channel id="roomChannel" encoding="3" type="mina" endpoint="{Properties.[path.game-server]}">
    <Triggers>
      <connectionSuccess>
        <Trace message="---Connected to the Nexus Game Server---"/>
        <EnterSession>
          <Result>
            <Trace message="Entered session"/>
            <ChangeRoom roomName="{Properties.[setting.rooms.default-room]}"/>
          </Result>
          <Fault>
            <Trace message="Failed to enter session"/>
          </Fault>
        </EnterSession>
      </connectionSuccess>
      <connectionFailed>
        <Alert title="Connection failed" message="Unable to connect to the Nexus Game Server" flags="0x0004" width="350" height="150" if="({Properties.[setting.useServer]}=={true})"/>
      </connectionFailed>
      <connectionLost>
        <Alert title="Connection lost" message="Connection to the Nexus Game Server has been lost" flags="0x0004" width="350" height="150" if="({Properties.[setting.useServer]}=={true})"/>
      </connectionLost>
      <connectionError>
        <Alert title="Connection failed" message="Unable to connect to the Nexus Game Server" flags="0x0004" width="350" height="150" if="({Properties.[setting.useServer]}=={true})"/>
      </connectionError>
    </Triggers>
  </Channel>
  <Triggers>
    <onFixUp>
      <Trace message="Session created "/>
      <ChangeRoom roomName="{Properties.[setting.rooms.default-room]}" if="({Properties.[setting.useServer]}=={false})"/>
    </onFixUp>
    <onChangeRoom>
      <Call behaviourID="EnterRoom" roomName="{Event.roomName}"/>
    </onChangeRoom>
  </Triggers>
  <BehaviourDefinition id="startup">
    <Call behaviourID="EnterRoom" roomName="treehouse"/>
  </BehaviourDefinition>
  <BehaviourDefinition id="EnterRoom">
    <Trace message="EnterRoom called: roomName={Event.roomName}"/>
    <ChangeRoom roomName="{Event.roomName}">
      <loadAssetError>
        <Trace message="loadAssetError called in script!"/>
      </loadAssetError>
      <loadVitalAssetError>
        <Alert message="loadVitalAssetError called in script!">
          <Ok>
            <ExecuteBehaviour target="enterDemoRoom"/>
          </Ok>
        </Alert>
      </loadVitalAssetError>
    </ChangeRoom>
  </BehaviourDefinition>
  <Map id="map">
    <Location id="emptyRoomRoom" name="Empty Room" roomID="emptyRoom"/>
    <Location id="exampleRoomRoom" name="Example Room" roomID="exampleRoom" startX="450" startY="350"/>
    <Triggers>
      <OnLocationVisible>
        <Trace message="Location visible location={Event.location}"/>
      </OnLocationVisible>
      <OnLocationVisited>
        <Trace message="Location visited location={Event.location}"/>
      </OnLocationVisited>
    </Triggers>
  </Map>
</SessionRoom>