<environments current="dev">
  <environment type="all">
    <property name="setting.useServer" value="false"/>
    <property name="path.game-server" value="67.207.128.86:1937"/>
    <property name="setting.rooms.path" value="config/rooms/"/>
    <property name="setting.rooms.default-room" value="exampleRoom"/>
    <property name="scene-viewportHeight" value="400"/>
    <property name="scene-viewportWidth" value="700"/>
    <property name="setting.alert.xOffset" value="0"/>
    <property name="setting.alert.yOffset" value="0"/>
  </environment>
</environments>